/*
SQLyog Ultimate v10.51 
MySQL - 8.0.29 : Database - school
*********************************************************************
*/

/*!40101 SET NAMES utf8 */;

/*!40101 SET SQL_MODE=''*/;

/*!40014 SET @OLD_UNIQUE_CHECKS=@@UNIQUE_CHECKS, UNIQUE_CHECKS=0 */;
/*!40014 SET @OLD_FOREIGN_KEY_CHECKS=@@FOREIGN_KEY_CHECKS, FOREIGN_KEY_CHECKS=0 */;
/*!40101 SET @OLD_SQL_MODE=@@SQL_MODE, SQL_MODE='NO_AUTO_VALUE_ON_ZERO' */;
/*!40111 SET @OLD_SQL_NOTES=@@SQL_NOTES, SQL_NOTES=0 */;
CREATE DATABASE /*!32312 IF NOT EXISTS*/`school` /*!40100 DEFAULT CHARACTER SET utf8mb3 */ /*!80016 DEFAULT ENCRYPTION='N' */;

USE `school`;

/*Table structure for table `course` */

DROP TABLE IF EXISTS `course`;

CREATE TABLE `course` (
  `cno` char(4) NOT NULL,
  `cname` char(40) NOT NULL,
  `cpno` char(4) DEFAULT NULL,
  `ccredit` smallint DEFAULT NULL,
  PRIMARY KEY (`cno`),
  KEY `cpno` (`cpno`)
) ENGINE=InnoDB DEFAULT CHARSET=utf8mb3;

/*Data for the table `course` */

insert  into `course`(`cno`,`cname`,`cpno`,`ccredit`) values ('14','语文必修二','7',3),('15','数学必修一','',3),('34','数学必修三','4',2),('4','语文必修三','14',2),('41','物理必修二','83',1),('50','英语必修一','',3),('62','英语必修三','63',2),('63','英语必修二','5',3),('7','语文必修一','',3),('71','历史必修一','41',2),('72','历史必修二','71',1),('83','物理必修一','',2);

/*Table structure for table `sc` */

DROP TABLE IF EXISTS `sc`;

CREATE TABLE `sc` (
  `sno` int NOT NULL,
  `cno` char(4) NOT NULL,
  `grade` int DEFAULT NULL,
  PRIMARY KEY (`sno`,`cno`),
  KEY `cno` (`cno`),
  CONSTRAINT `sc_ibfk_1` FOREIGN KEY (`sno`) REFERENCES `student` (`sno`),
  CONSTRAINT `sc_ibfk_2` FOREIGN KEY (`cno`) REFERENCES `course` (`cno`)
) ENGINE=InnoDB DEFAULT CHARSET=utf8mb3;

/*Data for the table `sc` */

insert  into `sc`(`sno`,`cno`,`grade`) values (130339,'14',78),(130339,'15',73),(130339,'34',68),(130339,'4',62),(130339,'41',82),(130339,'50',75),(130339,'62',80),(130339,'63',76),(130339,'7',65),(130339,'71',55),(130339,'72',60),(130339,'83',70),(241152,'14',75),(241152,'15',70),(241152,'34',65),(241152,'4',60),(241152,'41',85),(241152,'50',78),(241152,'62',83),(241152,'63',79),(241152,'71',58),(241152,'72',42),(241152,'83',73),(391157,'14',65),(391157,'15',60),(391157,'41',80),(391157,'50',73),(391157,'71',60),(391157,'72',56),(391157,'83',75),(404105,'14',70),(404105,'15',65),(404105,'34',70),(404105,'41',90),(404105,'50',83),(404105,'71',68),(404105,'72',73),(404105,'83',82),(545175,'14',68),(545175,'15',63),(545175,'34',68),(545175,'4',62),(545175,'41',82),(545175,'50',75),(545175,'62',80),(545175,'63',76),(545175,'7',65),(545175,'71',55),(545175,'72',60),(545175,'83',70),(563987,'41',92),(563987,'50',85),(563987,'62',88),(563987,'63',87),(563987,'71',75),(563987,'72',80),(563987,'83',85),(579767,'14',80),(579767,'15',47),(579767,'41',85),(579767,'50',78),(579767,'71',70),(579767,'72',75),(579767,'83',80),(654226,'14',75),(654226,'15',70),(654226,'34',75),(654226,'41',95),(654226,'50',88),(654226,'71',73),(654226,'72',78),(654226,'83',87),(680377,'41',90),(680377,'50',83),(680377,'62',88),(680377,'63',87),(680377,'71',75),(680377,'72',80),(680377,'83',85),(731550,'14',70),(731550,'15',65),(731550,'41',80),(731550,'50',73),(731550,'71',60),(731550,'72',65),(731550,'83',75),(767790,'14',68),(767790,'15',63),(767790,'34',68),(767790,'41',82),(767790,'50',75),(767790,'62',80),(767790,'63',76),(767790,'71',65),(767790,'72',70),(767790,'83',80),(788604,'41',88),(788604,'50',80),(788604,'62',78),(788604,'63',83),(788604,'71',72),(788604,'72',78),(788604,'83',79),(859853,'14',70),(859853,'15',65),(859853,'34',70),(859853,'41',90),(859853,'50',83),(859853,'71',68),(859853,'72',73),(859853,'83',82),(881922,'14',78),(881922,'15',73),(881922,'41',82),(881922,'50',75),(881922,'71',70),(881922,'72',75),(881922,'83',80),(888658,'14',75),(888658,'15',70),(888658,'41',80),(888658,'50',73),(888658,'71',60),(888658,'72',65),(888658,'83',75),(892883,'41',85),(892883,'50',78),(892883,'62',80),(892883,'63',76),(892883,'71',65),(892883,'72',70),(892883,'83',80),(921852,'14',70),(921852,'15',65),(921852,'34',70),(921852,'41',90),(921852,'50',83),(921852,'71',68),(921852,'72',73),(921852,'83',82),(933548,'41',92),(933548,'50',85),(933548,'62',88),(933548,'63',87),(933548,'71',75),(933548,'72',80),(933548,'83',85),(946610,'14',75),(946610,'15',70),(946610,'41',80),(946610,'50',73),(946610,'71',60),(946610,'72',65),(946610,'83',75),(962807,'41',90),(962807,'50',83),(962807,'62',88),(962807,'63',87),(962807,'71',75),(962807,'72',80),(962807,'83',85);

/*Table structure for table `student` */

DROP TABLE IF EXISTS `student`;

CREATE TABLE `student` (
  `sno` int NOT NULL,
  `sname` char(20) DEFAULT NULL,
  `ssex` char(2) DEFAULT NULL,
  `sage` int DEFAULT NULL,
  `sgrade` char(20) DEFAULT NULL,
  `sclass` char(20) DEFAULT NULL,
  PRIMARY KEY (`sno`),
  UNIQUE KEY `sname_UNIQUE` (`sname`)
) ENGINE=InnoDB DEFAULT CHARSET=utf8mb3;

/*Data for the table `student` */

insert  into `student`(`sno`,`sname`,`ssex`,`sage`,`sgrade`,`sclass`) values (123456,'小贾','男',NULL,NULL,NULL),(130339,'陈小明','男',16,'高一','二班'),(241152,'刘伟','男',15,'高三','三班'),(391157,'蔡文静','女',16,'高一','一班'),(404105,'张志强','男',16,'高二','三班'),(545175,'赵建国','男',16,'高一','三班'),(563987,'雷霞','女',17,'高三','三班'),(579767,'朱梦琪','女',16,'高一','三班'),(654226,'董波','男',16,'高二','一班'),(680377,'韩雪梅','女',17,'高二','二班'),(731550,'何健','男',15,'高一','二班'),(767790,'杨阳','男',17,'高二','一班'),(788604,'周雨萌','女',17,'高三','二班'),(859853,'马佳丽','女',15,'高二','二班'),(881922,'李芳婷','女',15,'高一','一班'),(888658,'姚璐','女',17,'高一','三班'),(892883,'袁红艳','女',17,'高二','一班'),(921852,'傅宇航','男',15,'高三','二班'),(933548,'许鹏飞','男',17,'高三','一班'),(946610,'王丽华','女',15,'高三','一班'),(962807,'邓明','男',15,'高三','三班');

/*!40101 SET SQL_MODE=@OLD_SQL_MODE */;
/*!40014 SET FOREIGN_KEY_CHECKS=@OLD_FOREIGN_KEY_CHECKS */;
/*!40014 SET UNIQUE_CHECKS=@OLD_UNIQUE_CHECKS */;
/*!40111 SET SQL_NOTES=@OLD_SQL_NOTES */;
